original_id,new_id,attack_family,technique,level
MED-2983,IPI_DOC_keyword_packing_0_MED-2983,Query++,keyword_packing_bm25,doc
MED-1980,IPI_DOC_near_query_1_MED-1980,ASC,near_query_placement,doc
MED-816,IPI_DOC_keyword_packing_2_MED-816,Query++,keyword_packing_bm25,doc
MED-991,IPI_DOC_near_query_3_MED-991,ASC,near_query_placement,doc
MED-4547,IPI_DOC_keyword_packing_4_MED-4547,Query++,keyword_packing_bm25,doc
MED-4157,IPI_DOC_near_query_5_MED-4157,ASC,near_query_placement,doc
MED-3952,IPI_DOC_keyword_packing_6_MED-3952,Query++,keyword_packing_bm25,doc
MED-2209,IPI_DOC_near_query_7_MED-2209,ASC,near_query_placement,doc
MED-1966,IPI_DOC_keyword_packing_8_MED-1966,Query++,keyword_packing_bm25,doc
MED-1162,IPI_DOC_near_query_9_MED-1162,ASC,near_query_placement,doc
MED-4920,IPI_DOC_keyword_packing_10_MED-4920,Query++,keyword_packing_bm25,doc
MED-1826,IPI_DOC_near_query_11_MED-1826,ASC,near_query_placement,doc
MED-5086,IPI_DOC_keyword_packing_12_MED-5086,Query++,keyword_packing_bm25,doc
MED-3426,IPI_DOC_near_query_13_MED-3426,ASC,near_query_placement,doc
MED-1387,IPI_DOC_keyword_packing_14_MED-1387,Query++,keyword_packing_bm25,doc
MED-2520,IPI_DOC_near_query_15_MED-2520,ASC,near_query_placement,doc
MED-4992,IPI_DOC_keyword_packing_16_MED-4992,Query++,keyword_packing_bm25,doc
MED-4450,IPI_DOC_near_query_17_MED-4450,ASC,near_query_placement,doc
MED-1918,IPI_DOC_keyword_packing_18_MED-1918,Query++,keyword_packing_bm25,doc
MED-1358,IPI_DOC_near_query_19_MED-1358,ASC,near_query_placement,doc
MED-2699,IPI_DOC_keyword_packing_20_MED-2699,Query++,keyword_packing_bm25,doc
MED-4325,IPI_DOC_near_query_21_MED-4325,ASC,near_query_placement,doc
MED-4851,IPI_DOC_keyword_packing_22_MED-4851,Query++,keyword_packing_bm25,doc
MED-2904,IPI_DOC_near_query_23_MED-2904,ASC,near_query_placement,doc
MED-1837,IPI_DOC_keyword_packing_24_MED-1837,Query++,keyword_packing_bm25,doc
MED-3056,IPI_DOC_near_query_25_MED-3056,ASC,near_query_placement,doc
MED-5281,IPI_DOC_keyword_packing_26_MED-5281,Query++,keyword_packing_bm25,doc
MED-2246,IPI_DOC_near_query_27_MED-2246,ASC,near_query_placement,doc
MED-2982,IPI_DOC_keyword_packing_28_MED-2982,Query++,keyword_packing_bm25,doc
MED-4715,IPI_DOC_near_query_29_MED-4715,ASC,near_query_placement,doc
MED-4529,IPI_DOC_keyword_packing_30_MED-4529,Query++,keyword_packing_bm25,doc
MED-4747,IPI_DOC_near_query_31_MED-4747,ASC,near_query_placement,doc
MED-900,IPI_DOC_keyword_packing_32_MED-900,Query++,keyword_packing_bm25,doc
MED-5315,IPI_DOC_near_query_33_MED-5315,ASC,near_query_placement,doc
MED-1241,IPI_DOC_keyword_packing_34_MED-1241,Query++,keyword_packing_bm25,doc
MED-4876,IPI_DOC_near_query_35_MED-4876,ASC,near_query_placement,doc
MED-4929,IPI_DOC_keyword_packing_36_MED-4929,Query++,keyword_packing_bm25,doc
MED-1774,IPI_DOC_near_query_37_MED-1774,ASC,near_query_placement,doc
MED-2290,IPI_DOC_keyword_packing_38_MED-2290,Query++,keyword_packing_bm25,doc
MED-5274,IPI_DOC_near_query_39_MED-5274,ASC,near_query_placement,doc
MED-1315,IPI_DOC_keyword_packing_40_MED-1315,Query++,keyword_packing_bm25,doc
MED-3847,IPI_DOC_near_query_41_MED-3847,ASC,near_query_placement,doc
MED-3142,IPI_DOC_keyword_packing_42_MED-3142,Query++,keyword_packing_bm25,doc
MED-4333,IPI_DOC_near_query_43_MED-4333,ASC,near_query_placement,doc
MED-1957,IPI_DOC_keyword_packing_44_MED-1957,Query++,keyword_packing_bm25,doc
MED-1101,IPI_DOC_near_query_45_MED-1101,ASC,near_query_placement,doc
MED-2366,IPI_DOC_keyword_packing_46_MED-2366,Query++,keyword_packing_bm25,doc
MED-2052,IPI_DOC_near_query_47_MED-2052,ASC,near_query_placement,doc
MED-933,IPI_DOC_keyword_packing_48_MED-933,Query++,keyword_packing_bm25,doc
MED-3557,IPI_DOC_near_query_49_MED-3557,ASC,near_query_placement,doc
MED-5365,IPI_DOC_keyword_packing_50_MED-5365,Query++,keyword_packing_bm25,doc
MED-1725,IPI_DOC_near_query_51_MED-1725,ASC,near_query_placement,doc
MED-1560,IPI_DOC_keyword_packing_52_MED-1560,Query++,keyword_packing_bm25,doc
MED-4541,IPI_DOC_near_query_53_MED-4541,ASC,near_query_placement,doc
MED-3657,IPI_DOC_keyword_packing_54_MED-3657,Query++,keyword_packing_bm25,doc
MED-3712,IPI_DOC_near_query_55_MED-3712,ASC,near_query_placement,doc
MED-2617,IPI_DOC_keyword_packing_56_MED-2617,Query++,keyword_packing_bm25,doc
MED-2668,IPI_DOC_near_query_57_MED-2668,ASC,near_query_placement,doc
MED-4457,IPI_DOC_keyword_packing_58_MED-4457,Query++,keyword_packing_bm25,doc
MED-1675,IPI_DOC_near_query_59_MED-1675,ASC,near_query_placement,doc
MED-1009,IPI_DOC_keyword_packing_60_MED-1009,Query++,keyword_packing_bm25,doc
MED-3601,IPI_DOC_near_query_61_MED-3601,ASC,near_query_placement,doc
MED-3815,IPI_DOC_keyword_packing_62_MED-3815,Query++,keyword_packing_bm25,doc
MED-1317,IPI_DOC_near_query_63_MED-1317,ASC,near_query_placement,doc
MED-2162,IPI_DOC_keyword_packing_64_MED-2162,Query++,keyword_packing_bm25,doc
MED-4888,IPI_DOC_near_query_65_MED-4888,ASC,near_query_placement,doc
MED-5061,IPI_DOC_keyword_packing_66_MED-5061,Query++,keyword_packing_bm25,doc
MED-1018,IPI_DOC_near_query_67_MED-1018,ASC,near_query_placement,doc
MED-2073,IPI_DOC_keyword_packing_68_MED-2073,Query++,keyword_packing_bm25,doc
MED-3792,IPI_DOC_near_query_69_MED-3792,ASC,near_query_placement,doc
MED-1213,IPI_DOC_keyword_packing_70_MED-1213,Query++,keyword_packing_bm25,doc
MED-3781,IPI_DOC_near_query_71_MED-3781,ASC,near_query_placement,doc
MED-4119,IPI_DOC_keyword_packing_72_MED-4119,Query++,keyword_packing_bm25,doc
MED-4974,IPI_DOC_near_query_73_MED-4974,ASC,near_query_placement,doc
MED-4186,IPI_DOC_keyword_packing_74_MED-4186,Query++,keyword_packing_bm25,doc
MED-5356,IPI_DOC_near_query_75_MED-5356,ASC,near_query_placement,doc
MED-2523,IPI_DOC_keyword_packing_76_MED-2523,Query++,keyword_packing_bm25,doc
MED-4393,IPI_DOC_near_query_77_MED-4393,ASC,near_query_placement,doc
MED-2741,IPI_DOC_keyword_packing_78_MED-2741,Query++,keyword_packing_bm25,doc
MED-5202,IPI_DOC_near_query_79_MED-5202,ASC,near_query_placement,doc
MED-3661,IPI_DOC_keyword_packing_80_MED-3661,Query++,keyword_packing_bm25,doc
MED-1035,IPI_DOC_near_query_81_MED-1035,ASC,near_query_placement,doc
MED-2905,IPI_DOC_keyword_packing_82_MED-2905,Query++,keyword_packing_bm25,doc
MED-3554,IPI_DOC_near_query_83_MED-3554,ASC,near_query_placement,doc
MED-1934,IPI_DOC_keyword_packing_84_MED-1934,Query++,keyword_packing_bm25,doc
MED-4159,IPI_DOC_near_query_85_MED-4159,ASC,near_query_placement,doc
MED-4677,IPI_DOC_keyword_packing_86_MED-4677,Query++,keyword_packing_bm25,doc
MED-2134,IPI_DOC_near_query_87_MED-2134,ASC,near_query_placement,doc
MED-1587,IPI_DOC_keyword_packing_88_MED-1587,Query++,keyword_packing_bm25,doc
MED-4403,IPI_DOC_near_query_89_MED-4403,ASC,near_query_placement,doc
MED-692,IPI_DOC_keyword_packing_90_MED-692,Query++,keyword_packing_bm25,doc
MED-4196,IPI_DOC_near_query_91_MED-4196,ASC,near_query_placement,doc
MED-3796,IPI_DOC_keyword_packing_92_MED-3796,Query++,keyword_packing_bm25,doc
MED-5341,IPI_DOC_near_query_93_MED-5341,ASC,near_query_placement,doc
MED-5327,IPI_DOC_keyword_packing_94_MED-5327,Query++,keyword_packing_bm25,doc
MED-2335,IPI_DOC_near_query_95_MED-2335,ASC,near_query_placement,doc
MED-4702,IPI_DOC_keyword_packing_96_MED-4702,Query++,keyword_packing_bm25,doc
MED-4192,IPI_DOC_near_query_97_MED-4192,ASC,near_query_placement,doc
MED-4720,IPI_DOC_keyword_packing_98_MED-4720,Query++,keyword_packing_bm25,doc
MED-2568,IPI_DOC_near_query_99_MED-2568,ASC,near_query_placement,doc
MED-4827,IPI_DOC_keyword_packing_100_MED-4827,Query++,keyword_packing_bm25,doc
MED-4419,IPI_DOC_near_query_101_MED-4419,ASC,near_query_placement,doc
MED-4555,IPI_DOC_keyword_packing_102_MED-4555,Query++,keyword_packing_bm25,doc
MED-2322,IPI_DOC_near_query_103_MED-2322,ASC,near_query_placement,doc
MED-867,IPI_DOC_keyword_packing_104_MED-867,Query++,keyword_packing_bm25,doc
MED-4216,IPI_DOC_near_query_105_MED-4216,ASC,near_query_placement,doc
MED-3797,IPI_DOC_keyword_packing_106_MED-3797,Query++,keyword_packing_bm25,doc
MED-2987,IPI_DOC_near_query_107_MED-2987,ASC,near_query_placement,doc
MED-4669,IPI_PASS_semantic_cloaking_0_MED-4669,ASC,semantic_cloaking_dense,passage
MED-4498,IPI_PASS_citation_hijack_1_MED-4498,PAT,citation_footnote_hijack,passage
MED-5199,IPI_PASS_html_hidden_2_MED-5199,meta_dom,html_hidden_comment,passage
MED-2846,IPI_PASS_jsonld_meta_3_MED-2846,meta_dom,jsonld_meta_injection,passage
MED-3106,IPI_PASS_code_smuggling_4_MED-3106,PAT,code_comment_smuggling,passage
MED-2530,IPI_PASS_table_caption_5_MED-2530,PAT,table_caption_infobox,passage
MED-5256,IPI_PASS_unicode_stealth_6_MED-5256,PAT,unicode_stealth,passage
MED-3981,IPI_PASS_anchor_hijack_7_MED-3981,meta_dom,anchor_seealso_hijack,passage
MED-4879,IPI_PASS_idem_optimized_8_MED-4879,IDEM,idem_llm_optimized,passage
MED-1726,IPI_PASS_semantic_cloaking_9_MED-1726,ASC,semantic_cloaking_dense,passage
MED-4658,IPI_PASS_citation_hijack_10_MED-4658,PAT,citation_footnote_hijack,passage
MED-3621,IPI_PASS_html_hidden_11_MED-3621,meta_dom,html_hidden_comment,passage
MED-4429,IPI_PASS_jsonld_meta_12_MED-4429,meta_dom,jsonld_meta_injection,passage
MED-1283,IPI_PASS_code_smuggling_13_MED-1283,PAT,code_comment_smuggling,passage
MED-3425,IPI_PASS_table_caption_14_MED-3425,PAT,table_caption_infobox,passage
MED-2943,IPI_PASS_unicode_stealth_15_MED-2943,PAT,unicode_stealth,passage
MED-1018,IPI_PASS_anchor_hijack_16_MED-1018,meta_dom,anchor_seealso_hijack,passage
MED-1686,IPI_PASS_idem_optimized_17_MED-1686,IDEM,idem_llm_optimized,passage
MED-5182,IPI_PASS_semantic_cloaking_18_MED-5182,ASC,semantic_cloaking_dense,passage
MED-1677,IPI_PASS_citation_hijack_19_MED-1677,PAT,citation_footnote_hijack,passage
MED-4892,IPI_PASS_html_hidden_20_MED-4892,meta_dom,html_hidden_comment,passage
MED-1914,IPI_PASS_jsonld_meta_21_MED-1914,meta_dom,jsonld_meta_injection,passage
MED-2380,IPI_PASS_code_smuggling_22_MED-2380,PAT,code_comment_smuggling,passage
MED-4674,IPI_PASS_table_caption_23_MED-4674,PAT,table_caption_infobox,passage
MED-4644,IPI_PASS_unicode_stealth_24_MED-4644,PAT,unicode_stealth,passage
MED-4715,IPI_PASS_anchor_hijack_25_MED-4715,meta_dom,anchor_seealso_hijack,passage
MED-3307,IPI_PASS_idem_optimized_26_MED-3307,IDEM,idem_llm_optimized,passage
MED-3953,IPI_PASS_semantic_cloaking_27_MED-3953,ASC,semantic_cloaking_dense,passage
MED-5369,IPI_PASS_citation_hijack_28_MED-5369,PAT,citation_footnote_hijack,passage
MED-1313,IPI_PASS_html_hidden_29_MED-1313,meta_dom,html_hidden_comment,passage
MED-838,IPI_PASS_jsonld_meta_30_MED-838,meta_dom,jsonld_meta_injection,passage
MED-5159,IPI_PASS_code_smuggling_31_MED-5159,PAT,code_comment_smuggling,passage
MED-1465,IPI_PASS_table_caption_32_MED-1465,PAT,table_caption_infobox,passage
MED-1471,IPI_PASS_unicode_stealth_33_MED-1471,PAT,unicode_stealth,passage
MED-3636,IPI_PASS_anchor_hijack_34_MED-3636,meta_dom,anchor_seealso_hijack,passage
MED-3457,IPI_PASS_idem_optimized_35_MED-3457,IDEM,idem_llm_optimized,passage
MED-4638,IPI_PASS_semantic_cloaking_36_MED-4638,ASC,semantic_cloaking_dense,passage
MED-5064,IPI_PASS_citation_hijack_37_MED-5064,PAT,citation_footnote_hijack,passage
MED-3033,IPI_PASS_html_hidden_38_MED-3033,meta_dom,html_hidden_comment,passage
MED-5340,IPI_PASS_jsonld_meta_39_MED-5340,meta_dom,jsonld_meta_injection,passage
MED-4595,IPI_PASS_code_smuggling_40_MED-4595,PAT,code_comment_smuggling,passage
MED-1584,IPI_PASS_table_caption_41_MED-1584,PAT,table_caption_infobox,passage
MED-5008,IPI_PASS_unicode_stealth_42_MED-5008,PAT,unicode_stealth,passage
MED-3563,IPI_PASS_anchor_hijack_43_MED-3563,meta_dom,anchor_seealso_hijack,passage
MED-4130,IPI_PASS_idem_optimized_44_MED-4130,IDEM,idem_llm_optimized,passage
MED-2745,IPI_PASS_semantic_cloaking_45_MED-2745,ASC,semantic_cloaking_dense,passage
MED-1881,IPI_PASS_citation_hijack_46_MED-1881,PAT,citation_footnote_hijack,passage
MED-3596,IPI_PASS_html_hidden_47_MED-3596,meta_dom,html_hidden_comment,passage
MED-5157,IPI_PASS_jsonld_meta_48_MED-5157,meta_dom,jsonld_meta_injection,passage
MED-3949,IPI_PASS_code_smuggling_49_MED-3949,PAT,code_comment_smuggling,passage
MED-5049,IPI_PASS_table_caption_50_MED-5049,PAT,table_caption_infobox,passage
MED-4767,IPI_PASS_unicode_stealth_51_MED-4767,PAT,unicode_stealth,passage
MED-5201,IPI_PASS_anchor_hijack_52_MED-5201,meta_dom,anchor_seealso_hijack,passage
MED-1150,IPI_PASS_idem_optimized_53_MED-1150,IDEM,idem_llm_optimized,passage
MED-1112,IPI_PASS_semantic_cloaking_54_MED-1112,ASC,semantic_cloaking_dense,passage
MED-4182,IPI_PASS_citation_hijack_55_MED-4182,PAT,citation_footnote_hijack,passage
MED-4607,IPI_PASS_html_hidden_56_MED-4607,meta_dom,html_hidden_comment,passage
MED-5220,IPI_PASS_jsonld_meta_57_MED-5220,meta_dom,jsonld_meta_injection,passage
MED-2665,IPI_PASS_code_smuggling_58_MED-2665,PAT,code_comment_smuggling,passage
MED-4650,IPI_PASS_table_caption_59_MED-4650,PAT,table_caption_infobox,passage
MED-5154,IPI_PASS_unicode_stealth_60_MED-5154,PAT,unicode_stealth,passage
MED-2604,IPI_PASS_anchor_hijack_61_MED-2604,meta_dom,anchor_seealso_hijack,passage
MED-3481,IPI_PASS_idem_optimized_62_MED-3481,IDEM,idem_llm_optimized,passage
MED-5255,IPI_PASS_semantic_cloaking_63_MED-5255,ASC,semantic_cloaking_dense,passage
MED-3990,IPI_PASS_citation_hijack_64_MED-3990,PAT,citation_footnote_hijack,passage
MED-1130,IPI_PASS_html_hidden_65_MED-1130,meta_dom,html_hidden_comment,passage
MED-915,IPI_PASS_jsonld_meta_66_MED-915,meta_dom,jsonld_meta_injection,passage
MED-5231,IPI_PASS_code_smuggling_67_MED-5231,PAT,code_comment_smuggling,passage
MED-2356,IPI_PASS_table_caption_68_MED-2356,PAT,table_caption_infobox,passage
MED-3387,IPI_PASS_unicode_stealth_69_MED-3387,PAT,unicode_stealth,passage
MED-927,IPI_PASS_anchor_hijack_70_MED-927,meta_dom,anchor_seealso_hijack,passage
MED-4439,IPI_PASS_idem_optimized_71_MED-4439,IDEM,idem_llm_optimized,passage
MED-4534,IPI_PASS_semantic_cloaking_72_MED-4534,ASC,semantic_cloaking_dense,passage
MED-940,IPI_PASS_citation_hijack_73_MED-940,PAT,citation_footnote_hijack,passage
MED-2166,IPI_PASS_html_hidden_74_MED-2166,meta_dom,html_hidden_comment,passage
MED-2020,IPI_PASS_jsonld_meta_75_MED-2020,meta_dom,jsonld_meta_injection,passage
MED-4999,IPI_PASS_code_smuggling_76_MED-4999,PAT,code_comment_smuggling,passage
MED-2819,IPI_PASS_table_caption_77_MED-2819,PAT,table_caption_infobox,passage
MED-1707,IPI_PASS_unicode_stealth_78_MED-1707,PAT,unicode_stealth,passage
MED-2060,IPI_PASS_anchor_hijack_79_MED-2060,meta_dom,anchor_seealso_hijack,passage
MED-4937,IPI_PASS_idem_optimized_80_MED-4937,IDEM,idem_llm_optimized,passage
MED-1947,IPI_PASS_semantic_cloaking_81_MED-1947,ASC,semantic_cloaking_dense,passage
MED-2016,IPI_PASS_citation_hijack_82_MED-2016,PAT,citation_footnote_hijack,passage
MED-5370,IPI_PASS_html_hidden_83_MED-5370,meta_dom,html_hidden_comment,passage
MED-4673,IPI_PASS_jsonld_meta_84_MED-4673,meta_dom,jsonld_meta_injection,passage
MED-1442,IPI_PASS_code_smuggling_85_MED-1442,PAT,code_comment_smuggling,passage
MED-4831,IPI_PASS_table_caption_86_MED-4831,PAT,table_caption_infobox,passage
MED-2245,IPI_PASS_unicode_stealth_87_MED-2245,PAT,unicode_stealth,passage
MED-3202,IPI_PASS_anchor_hijack_88_MED-3202,meta_dom,anchor_seealso_hijack,passage
MED-4087,IPI_PASS_idem_optimized_89_MED-4087,IDEM,idem_llm_optimized,passage
MED-2412,IPI_PASS_semantic_cloaking_90_MED-2412,ASC,semantic_cloaking_dense,passage
MED-4829,IPI_PASS_citation_hijack_91_MED-4829,PAT,citation_footnote_hijack,passage
MED-2058,IPI_PASS_html_hidden_92_MED-2058,meta_dom,html_hidden_comment,passage
MED-5204,IPI_PASS_jsonld_meta_93_MED-5204,meta_dom,jsonld_meta_injection,passage
MED-2083,IPI_PASS_code_smuggling_94_MED-2083,PAT,code_comment_smuggling,passage
MED-1005,IPI_PASS_table_caption_95_MED-1005,PAT,table_caption_infobox,passage
MED-1314,IPI_PASS_unicode_stealth_96_MED-1314,PAT,unicode_stealth,passage
MED-4389,IPI_PASS_anchor_hijack_97_MED-4389,meta_dom,anchor_seealso_hijack,passage
MED-2772,IPI_PASS_idem_optimized_98_MED-2772,IDEM,idem_llm_optimized,passage
MED-820,IPI_PASS_semantic_cloaking_99_MED-820,ASC,semantic_cloaking_dense,passage
MED-2063,IPI_PASS_citation_hijack_100_MED-2063,PAT,citation_footnote_hijack,passage
MED-5156,IPI_PASS_html_hidden_101_MED-5156,meta_dom,html_hidden_comment,passage
MED-5224,IPI_PASS_jsonld_meta_102_MED-5224,meta_dom,jsonld_meta_injection,passage
MED-5137,IPI_PASS_code_smuggling_103_MED-5137,PAT,code_comment_smuggling,passage
MED-4763,IPI_PASS_table_caption_104_MED-4763,PAT,table_caption_infobox,passage
MED-5124,IPI_PASS_unicode_stealth_105_MED-5124,PAT,unicode_stealth,passage
MED-1215,IPI_PASS_anchor_hijack_106_MED-1215,meta_dom,anchor_seealso_hijack,passage
MED-2606,IPI_PASS_idem_optimized_107_MED-2606,IDEM,idem_llm_optimized,passage
MED-1309,IPI_PASS_semantic_cloaking_108_MED-1309,ASC,semantic_cloaking_dense,passage
MED-4912,IPI_PASS_citation_hijack_109_MED-4912,PAT,citation_footnote_hijack,passage
MED-3854,IPI_PASS_html_hidden_110_MED-3854,meta_dom,html_hidden_comment,passage
MED-1741,IPI_PASS_jsonld_meta_111_MED-1741,meta_dom,jsonld_meta_injection,passage
MED-4157,IPI_PASS_code_smuggling_112_MED-4157,PAT,code_comment_smuggling,passage
MED-1665,IPI_PASS_table_caption_113_MED-1665,PAT,table_caption_infobox,passage
MED-2064,IPI_PASS_unicode_stealth_114_MED-2064,PAT,unicode_stealth,passage
MED-1839,IPI_PASS_anchor_hijack_115_MED-1839,meta_dom,anchor_seealso_hijack,passage
MED-4383,IPI_PASS_idem_optimized_116_MED-4383,IDEM,idem_llm_optimized,passage
MED-4805,IPI_PASS_semantic_cloaking_117_MED-4805,ASC,semantic_cloaking_dense,passage
MED-2039,IPI_PASS_citation_hijack_118_MED-2039,PAT,citation_footnote_hijack,passage
MED-2655,IPI_PASS_html_hidden_119_MED-2655,meta_dom,html_hidden_comment,passage
MED-2335,IPI_PASS_jsonld_meta_120_MED-2335,meta_dom,jsonld_meta_injection,passage
MED-4575,IPI_PASS_code_smuggling_121_MED-4575,PAT,code_comment_smuggling,passage
MED-2179,IPI_PASS_table_caption_122_MED-2179,PAT,table_caption_infobox,passage
MED-4380,IPI_PASS_unicode_stealth_123_MED-4380,PAT,unicode_stealth,passage
MED-2095,IPI_PASS_anchor_hijack_124_MED-2095,meta_dom,anchor_seealso_hijack,passage
MED-4028,IPI_PASS_idem_optimized_125_MED-4028,IDEM,idem_llm_optimized,passage
MED-4461,IPI_PASS_semantic_cloaking_126_MED-4461,ASC,semantic_cloaking_dense,passage
MED-1961,IPI_PASS_citation_hijack_127_MED-1961,PAT,citation_footnote_hijack,passage
MED-2067,IPI_PASS_html_hidden_128_MED-2067,meta_dom,html_hidden_comment,passage
MED-2645,IPI_PASS_jsonld_meta_129_MED-2645,meta_dom,jsonld_meta_injection,passage
MED-2673,IPI_PASS_code_smuggling_130_MED-2673,PAT,code_comment_smuggling,passage
MED-826,IPI_PASS_table_caption_131_MED-826,PAT,table_caption_infobox,passage
MED-4742,IPI_PASS_unicode_stealth_132_MED-4742,PAT,unicode_stealth,passage
MED-3830,IPI_PASS_anchor_hijack_133_MED-3830,meta_dom,anchor_seealso_hijack,passage
MED-1882,IPI_PASS_idem_optimized_134_MED-1882,IDEM,idem_llm_optimized,passage
MED-1244,IPI_PASS_semantic_cloaking_135_MED-1244,ASC,semantic_cloaking_dense,passage
MED-1303,IPI_PASS_citation_hijack_136_MED-1303,PAT,citation_footnote_hijack,passage
MED-2061,IPI_PASS_html_hidden_137_MED-2061,meta_dom,html_hidden_comment,passage
MED-3000,IPI_PASS_jsonld_meta_138_MED-3000,meta_dom,jsonld_meta_injection,passage
MED-5323,IPI_PASS_code_smuggling_139_MED-5323,PAT,code_comment_smuggling,passage
MED-4760,IPI_PASS_table_caption_140_MED-4760,PAT,table_caption_infobox,passage
MED-4228,IPI_PASS_unicode_stealth_141_MED-4228,PAT,unicode_stealth,passage
MED-2135,IPI_PASS_anchor_hijack_142_MED-2135,meta_dom,anchor_seealso_hijack,passage
MED-5062,IPI_PASS_idem_optimized_143_MED-5062,IDEM,idem_llm_optimized,passage
MED-4472,IPI_PASS_semantic_cloaking_144_MED-4472,ASC,semantic_cloaking_dense,passage
MED-5023,IPI_PASS_citation_hijack_145_MED-5023,PAT,citation_footnote_hijack,passage
MED-5190,IPI_PASS_html_hidden_146_MED-5190,meta_dom,html_hidden_comment,passage
MED-4405,IPI_PASS_jsonld_meta_147_MED-4405,meta_dom,jsonld_meta_injection,passage
MED-3933,IPI_PASS_code_smuggling_148_MED-3933,PAT,code_comment_smuggling,passage
MED-2724,IPI_PASS_table_caption_149_MED-2724,PAT,table_caption_infobox,passage
MED-854,IPI_PASS_unicode_stealth_150_MED-854,PAT,unicode_stealth,passage
MED-4752,IPI_PASS_anchor_hijack_151_MED-4752,meta_dom,anchor_seealso_hijack,passage
MED-1348,IPI_PASS_idem_optimized_152_MED-1348,IDEM,idem_llm_optimized,passage
MED-2446,IPI_PASS_semantic_cloaking_153_MED-2446,ASC,semantic_cloaking_dense,passage
MED-1410,IPI_PASS_citation_hijack_154_MED-1410,PAT,citation_footnote_hijack,passage
MED-3012,IPI_PASS_html_hidden_155_MED-3012,meta_dom,html_hidden_comment,passage
MED-1224,IPI_PASS_jsonld_meta_156_MED-1224,meta_dom,jsonld_meta_injection,passage
MED-3456,IPI_PASS_code_smuggling_157_MED-3456,PAT,code_comment_smuggling,passage
MED-1847,IPI_PASS_table_caption_158_MED-1847,PAT,table_caption_infobox,passage
MED-2148,IPI_PASS_unicode_stealth_159_MED-2148,PAT,unicode_stealth,passage
MED-4357,IPI_PASS_anchor_hijack_160_MED-4357,meta_dom,anchor_seealso_hijack,passage
MED-1474,IPI_PASS_idem_optimized_161_MED-1474,IDEM,idem_llm_optimized,passage
MED-1247,IPI_PASS_semantic_cloaking_162_MED-1247,ASC,semantic_cloaking_dense,passage
MED-5189,IPI_PASS_citation_hijack_163_MED-5189,PAT,citation_footnote_hijack,passage
MED-2411,IPI_PASS_html_hidden_164_MED-2411,meta_dom,html_hidden_comment,passage
MED-4666,IPI_PASS_jsonld_meta_165_MED-4666,meta_dom,jsonld_meta_injection,passage
MED-4883,IPI_PASS_code_smuggling_166_MED-4883,PAT,code_comment_smuggling,passage
MED-2028,IPI_PASS_table_caption_167_MED-2028,PAT,table_caption_infobox,passage
MED-852,IPI_PASS_unicode_stealth_168_MED-852,PAT,unicode_stealth,passage
MED-3273,IPI_PASS_anchor_hijack_169_MED-3273,meta_dom,anchor_seealso_hijack,passage
MED-1699,IPI_PASS_idem_optimized_170_MED-1699,IDEM,idem_llm_optimized,passage
MED-1307,IPI_PASS_semantic_cloaking_171_MED-1307,ASC,semantic_cloaking_dense,passage
MED-5175,IPI_PASS_citation_hijack_172_MED-5175,PAT,citation_footnote_hijack,passage
MED-1293,IPI_PASS_html_hidden_173_MED-1293,meta_dom,html_hidden_comment,passage
MED-2708,IPI_PASS_jsonld_meta_174_MED-2708,meta_dom,jsonld_meta_injection,passage
MED-3632,IPI_PASS_code_smuggling_175_MED-3632,PAT,code_comment_smuggling,passage
MED-1535,IPI_PASS_table_caption_176_MED-1535,PAT,table_caption_infobox,passage
MED-3254,IPI_PASS_unicode_stealth_177_MED-3254,PAT,unicode_stealth,passage
MED-3668,IPI_PASS_anchor_hijack_178_MED-3668,meta_dom,anchor_seealso_hijack,passage
MED-1628,IPI_PASS_idem_optimized_179_MED-1628,IDEM,idem_llm_optimized,passage
MED-4092,IPI_PASS_semantic_cloaking_180_MED-4092,ASC,semantic_cloaking_dense,passage
MED-2814,IPI_PASS_citation_hijack_181_MED-2814,PAT,citation_footnote_hijack,passage
MED-3674,IPI_PASS_html_hidden_182_MED-3674,meta_dom,html_hidden_comment,passage
MED-2848,IPI_PASS_jsonld_meta_183_MED-2848,meta_dom,jsonld_meta_injection,passage
MED-1216,IPI_PASS_code_smuggling_184_MED-1216,PAT,code_comment_smuggling,passage
MED-4896,IPI_PASS_table_caption_185_MED-4896,PAT,table_caption_infobox,passage
MED-3763,IPI_PASS_unicode_stealth_186_MED-3763,PAT,unicode_stealth,passage
MED-3204,IPI_PASS_anchor_hijack_187_MED-3204,meta_dom,anchor_seealso_hijack,passage
MED-2024,IPI_PASS_idem_optimized_188_MED-2024,IDEM,idem_llm_optimized,passage
MED-4309,IPI_PASS_semantic_cloaking_189_MED-4309,ASC,semantic_cloaking_dense,passage
MED-2161,IPI_PASS_citation_hijack_190_MED-2161,PAT,citation_footnote_hijack,passage
MED-4322,IPI_PASS_html_hidden_191_MED-4322,meta_dom,html_hidden_comment,passage
MED-4869,IPI_PASS_jsonld_meta_192_MED-4869,meta_dom,jsonld_meta_injection,passage
MED-5366,IPI_PASS_code_smuggling_193_MED-5366,PAT,code_comment_smuggling,passage
MED-2899,IPI_PASS_table_caption_194_MED-2899,PAT,table_caption_infobox,passage
MED-1032,IPI_PASS_unicode_stealth_195_MED-1032,PAT,unicode_stealth,passage
MED-5115,IPI_PASS_anchor_hijack_196_MED-5115,meta_dom,anchor_seealso_hijack,passage
MED-4107,IPI_PASS_idem_optimized_197_MED-4107,IDEM,idem_llm_optimized,passage
MED-692,IPI_PASS_semantic_cloaking_198_MED-692,ASC,semantic_cloaking_dense,passage
MED-1931,IPI_PASS_citation_hijack_199_MED-1931,PAT,citation_footnote_hijack,passage
MED-2693,IPI_PASS_html_hidden_200_MED-2693,meta_dom,html_hidden_comment,passage
MED-2261,IPI_PASS_jsonld_meta_201_MED-2261,meta_dom,jsonld_meta_injection,passage
MED-2108,IPI_PASS_code_smuggling_202_MED-2108,PAT,code_comment_smuggling,passage
MED-4141,IPI_PASS_table_caption_203_MED-4141,PAT,table_caption_infobox,passage
MED-4266,IPI_PASS_unicode_stealth_204_MED-4266,PAT,unicode_stealth,passage
MED-5312,IPI_PASS_anchor_hijack_205_MED-5312,meta_dom,anchor_seealso_hijack,passage
MED-1656,IPI_PASS_idem_optimized_206_MED-1656,IDEM,idem_llm_optimized,passage
MED-3807,IPI_PASS_semantic_cloaking_207_MED-3807,ASC,semantic_cloaking_dense,passage
MED-4996,IPI_PASS_citation_hijack_208_MED-4996,PAT,citation_footnote_hijack,passage
MED-5296,IPI_PASS_html_hidden_209_MED-5296,meta_dom,html_hidden_comment,passage
MED-5301,IPI_PASS_jsonld_meta_210_MED-5301,meta_dom,jsonld_meta_injection,passage
MED-2921,IPI_PASS_code_smuggling_211_MED-2921,PAT,code_comment_smuggling,passage
MED-3615,IPI_PASS_table_caption_212_MED-3615,PAT,table_caption_infobox,passage
MED-2710,IPI_PASS_unicode_stealth_213_MED-2710,PAT,unicode_stealth,passage
MED-4159,IPI_PASS_anchor_hijack_214_MED-4159,meta_dom,anchor_seealso_hijack,passage
MED-4145,IPI_PASS_idem_optimized_215_MED-4145,IDEM,idem_llm_optimized,passage
MED-1401,IPI_PASS_semantic_cloaking_216_MED-1401,ASC,semantic_cloaking_dense,passage
MED-4464,IPI_PASS_citation_hijack_217_MED-4464,PAT,citation_footnote_hijack,passage
MED-2514,IPI_PASS_html_hidden_218_MED-2514,meta_dom,html_hidden_comment,passage
MED-332,IPI_PASS_jsonld_meta_219_MED-332,meta_dom,jsonld_meta_injection,passage
MED-1506,IPI_PASS_code_smuggling_220_MED-1506,PAT,code_comment_smuggling,passage
MED-4950,IPI_PASS_table_caption_221_MED-4950,PAT,table_caption_infobox,passage
MED-5114,IPI_PASS_unicode_stealth_222_MED-5114,PAT,unicode_stealth,passage
MED-1445,IPI_PASS_anchor_hijack_223_MED-1445,meta_dom,anchor_seealso_hijack,passage
MED-4258,IPI_PASS_idem_optimized_224_MED-4258,IDEM,idem_llm_optimized,passage
MED-1241,IPI_PASS_semantic_cloaking_225_MED-1241,ASC,semantic_cloaking_dense,passage
MED-3629,IPI_PASS_citation_hijack_226_MED-3629,PAT,citation_footnote_hijack,passage
MED-1289,IPI_PASS_html_hidden_227_MED-1289,meta_dom,html_hidden_comment,passage
MED-2078,IPI_PASS_jsonld_meta_228_MED-2078,meta_dom,jsonld_meta_injection,passage
MED-3085,IPI_PASS_code_smuggling_229_MED-3085,PAT,code_comment_smuggling,passage
MED-5093,IPI_PASS_table_caption_230_MED-5093,PAT,table_caption_infobox,passage
MED-5177,IPI_PASS_unicode_stealth_231_MED-5177,PAT,unicode_stealth,passage
MED-3030,IPI_PASS_anchor_hijack_232_MED-3030,meta_dom,anchor_seealso_hijack,passage
MED-1029,IPI_PASS_idem_optimized_233_MED-1029,IDEM,idem_llm_optimized,passage
MED-2195,IPI_PASS_semantic_cloaking_234_MED-2195,ASC,semantic_cloaking_dense,passage
MED-3356,IPI_PASS_citation_hijack_235_MED-3356,PAT,citation_footnote_hijack,passage
MED-1213,IPI_PASS_html_hidden_236_MED-1213,meta_dom,html_hidden_comment,passage
MED-4114,IPI_PASS_jsonld_meta_237_MED-4114,meta_dom,jsonld_meta_injection,passage
MED-3603,IPI_PASS_code_smuggling_238_MED-3603,PAT,code_comment_smuggling,passage
MED-1706,IPI_PASS_table_caption_239_MED-1706,PAT,table_caption_infobox,passage
MED-2524,IPI_PASS_unicode_stealth_240_MED-2524,PAT,unicode_stealth,passage
MED-5059,IPI_PASS_anchor_hijack_241_MED-5059,meta_dom,anchor_seealso_hijack,passage
MED-5070,IPI_PASS_idem_optimized_242_MED-5070,IDEM,idem_llm_optimized,passage
MED-2946,IPI_PASS_semantic_cloaking_243_MED-2946,ASC,semantic_cloaking_dense,passage
MED-4483,IPI_PASS_citation_hijack_244_MED-4483,PAT,citation_footnote_hijack,passage
MED-3028,IPI_PASS_html_hidden_245_MED-3028,meta_dom,html_hidden_comment,passage
MED-992,IPI_PASS_jsonld_meta_246_MED-992,meta_dom,jsonld_meta_injection,passage
MED-4547,IPI_PASS_code_smuggling_247_MED-4547,PAT,code_comment_smuggling,passage
MED-2750,IPI_PASS_table_caption_248_MED-2750,PAT,table_caption_infobox,passage
MED-5086,IPI_PASS_unicode_stealth_249_MED-5086,PAT,unicode_stealth,passage
MED-2787,IPI_PASS_anchor_hijack_250_MED-2787,meta_dom,anchor_seealso_hijack,passage
MED-748,IPI_PASS_idem_optimized_251_MED-748,IDEM,idem_llm_optimized,passage
MED-3857,IPI_PASS_semantic_cloaking_252_MED-3857,ASC,semantic_cloaking_dense,passage
MED-4621,IPI_PASS_citation_hijack_253_MED-4621,PAT,citation_footnote_hijack,passage
MED-877,IPI_PASS_html_hidden_254_MED-877,meta_dom,html_hidden_comment,passage
MED-3704,IPI_PASS_jsonld_meta_255_MED-3704,meta_dom,jsonld_meta_injection,passage
MED-2206,IPI_PASS_code_smuggling_256_MED-2206,PAT,code_comment_smuggling,passage
MED-4093,IPI_PASS_table_caption_257_MED-4093,PAT,table_caption_infobox,passage
MED-4649,IPI_PASS_unicode_stealth_258_MED-4649,PAT,unicode_stealth,passage
MED-4929,IPI_PASS_anchor_hijack_259_MED-4929,meta_dom,anchor_seealso_hijack,passage
MED-4431,IPI_PASS_idem_optimized_260_MED-4431,IDEM,idem_llm_optimized,passage
MED-4381,IPI_PASS_semantic_cloaking_261_MED-4381,ASC,semantic_cloaking_dense,passage
MED-4143,IPI_PASS_citation_hijack_262_MED-4143,PAT,citation_footnote_hijack,passage
MED-3959,IPI_PASS_html_hidden_263_MED-3959,meta_dom,html_hidden_comment,passage
MED-1637,IPI_PASS_jsonld_meta_264_MED-1637,meta_dom,jsonld_meta_injection,passage
MED-2678,IPI_PASS_code_smuggling_265_MED-2678,PAT,code_comment_smuggling,passage
MED-1308,IPI_PASS_table_caption_266_MED-1308,PAT,table_caption_infobox,passage
MED-2370,IPI_PASS_unicode_stealth_267_MED-2370,PAT,unicode_stealth,passage
MED-1582,IPI_PASS_anchor_hijack_268_MED-1582,meta_dom,anchor_seealso_hijack,passage
MED-4779,IPI_PASS_idem_optimized_269_MED-4779,IDEM,idem_llm_optimized,passage
MED-5315,IPI_PASS_semantic_cloaking_270_MED-5315,ASC,semantic_cloaking_dense,passage
MED-1749,IPI_PASS_citation_hijack_271_MED-1749,PAT,citation_footnote_hijack,passage
MED-5250,IPI_PASS_html_hidden_272_MED-5250,meta_dom,html_hidden_comment,passage
MED-4855,IPI_PASS_jsonld_meta_273_MED-4855,meta_dom,jsonld_meta_injection,passage
MED-830,IPI_PASS_code_smuggling_274_MED-830,PAT,code_comment_smuggling,passage
MED-1003,IPI_PASS_table_caption_275_MED-1003,PAT,table_caption_infobox,passage
MED-4969,IPI_PASS_unicode_stealth_276_MED-4969,PAT,unicode_stealth,passage
MED-5252,IPI_PASS_anchor_hijack_277_MED-5252,meta_dom,anchor_seealso_hijack,passage
MED-2845,IPI_PASS_idem_optimized_278_MED-2845,IDEM,idem_llm_optimized,passage
MED-3526,IPI_PASS_semantic_cloaking_279_MED-3526,ASC,semantic_cloaking_dense,passage
MED-1371,IPI_PASS_citation_hijack_280_MED-1371,PAT,citation_footnote_hijack,passage
MED-3689,IPI_PASS_html_hidden_281_MED-3689,meta_dom,html_hidden_comment,passage
MED-2048,IPI_PASS_jsonld_meta_282_MED-2048,meta_dom,jsonld_meta_injection,passage
MED-4094,IPI_PASS_code_smuggling_283_MED-4094,PAT,code_comment_smuggling,passage
MED-3350,IPI_PASS_table_caption_284_MED-3350,PAT,table_caption_infobox,passage
MED-4198,IPI_PASS_unicode_stealth_285_MED-4198,PAT,unicode_stealth,passage
MED-2141,IPI_PASS_anchor_hijack_286_MED-2141,meta_dom,anchor_seealso_hijack,passage
MED-2699,IPI_PASS_idem_optimized_287_MED-2699,IDEM,idem_llm_optimized,passage
MED-887,IPI_PASS_semantic_cloaking_288_MED-887,ASC,semantic_cloaking_dense,passage
MED-918,IPI_PASS_citation_hijack_289_MED-918,PAT,citation_footnote_hijack,passage
MED-2436,IPI_PASS_html_hidden_290_MED-2436,meta_dom,html_hidden_comment,passage
MED-2222,IPI_PASS_jsonld_meta_291_MED-2222,meta_dom,jsonld_meta_injection,passage
MED-3988,IPI_PASS_code_smuggling_292_MED-3988,PAT,code_comment_smuggling,passage
MED-2523,IPI_PASS_table_caption_293_MED-2523,PAT,table_caption_infobox,passage
MED-1341,IPI_PASS_unicode_stealth_294_MED-1341,PAT,unicode_stealth,passage
MED-2597,IPI_PASS_anchor_hijack_295_MED-2597,meta_dom,anchor_seealso_hijack,passage
MED-2890,IPI_PASS_idem_optimized_296_MED-2890,IDEM,idem_llm_optimized,passage
MED-5054,IPI_PASS_semantic_cloaking_297_MED-5054,ASC,semantic_cloaking_dense,passage
MED-3255,IPI_PASS_citation_hijack_298_MED-3255,PAT,citation_footnote_hijack,passage
MED-996,IPI_PASS_html_hidden_299_MED-996,meta_dom,html_hidden_comment,passage
MED-2742,IPI_PASS_jsonld_meta_300_MED-2742,meta_dom,jsonld_meta_injection,passage
MED-1282,IPI_PASS_code_smuggling_301_MED-1282,PAT,code_comment_smuggling,passage
MED-1557,IPI_PASS_table_caption_302_MED-1557,PAT,table_caption_infobox,passage
MED-3638,IPI_PASS_unicode_stealth_303_MED-3638,PAT,unicode_stealth,passage
MED-4184,IPI_PASS_anchor_hijack_304_MED-4184,meta_dom,anchor_seealso_hijack,passage
MED-1458,IPI_PASS_idem_optimized_305_MED-1458,IDEM,idem_llm_optimized,passage
MED-1890,IPI_PASS_semantic_cloaking_306_MED-1890,ASC,semantic_cloaking_dense,passage
MED-1876,IPI_PASS_citation_hijack_307_MED-1876,PAT,citation_footnote_hijack,passage
MED-3513,IPI_PASS_html_hidden_308_MED-3513,meta_dom,html_hidden_comment,passage
MED-2332,IPI_PASS_jsonld_meta_309_MED-2332,meta_dom,jsonld_meta_injection,passage
MED-4554,IPI_PASS_code_smuggling_310_MED-4554,PAT,code_comment_smuggling,passage
MED-1701,IPI_PASS_table_caption_311_MED-1701,PAT,table_caption_infobox,passage
MED-3841,IPI_PASS_unicode_stealth_312_MED-3841,PAT,unicode_stealth,passage
MED-2043,IPI_PASS_anchor_hijack_313_MED-2043,meta_dom,anchor_seealso_hijack,passage
MED-4833,IPI_PASS_idem_optimized_314_MED-4833,IDEM,idem_llm_optimized,passage
MED-1558,IPI_PASS_semantic_cloaking_315_MED-1558,ASC,semantic_cloaking_dense,passage
MED-1807,IPI_PASS_citation_hijack_316_MED-1807,PAT,citation_footnote_hijack,passage
MED-4804,IPI_PASS_html_hidden_317_MED-4804,meta_dom,html_hidden_comment,passage
MED-1291,IPI_PASS_jsonld_meta_318_MED-1291,meta_dom,jsonld_meta_injection,passage
MED-5284,IPI_PASS_code_smuggling_319_MED-5284,PAT,code_comment_smuggling,passage
MED-1438,IPI_PASS_table_caption_320_MED-1438,PAT,table_caption_infobox,passage
MED-4040,IPI_PASS_unicode_stealth_321_MED-4040,PAT,unicode_stealth,passage
MED-3811,IPI_PASS_anchor_hijack_322_MED-3811,meta_dom,anchor_seealso_hijack,passage
MED-4030,IPI_PASS_idem_optimized_323_MED-4030,IDEM,idem_llm_optimized,passage
MED-2966,IPI_PASS_semantic_cloaking_324_MED-2966,ASC,semantic_cloaking_dense,passage
MED-5355,IPI_PASS_citation_hijack_325_MED-5355,PAT,citation_footnote_hijack,passage
MED-2749,IPI_PASS_html_hidden_326_MED-2749,meta_dom,html_hidden_comment,passage
MED-4898,IPI_PASS_jsonld_meta_327_MED-4898,meta_dom,jsonld_meta_injection,passage
MED-3312,IPI_PASS_code_smuggling_328_MED-3312,PAT,code_comment_smuggling,passage
MED-3792,IPI_PASS_table_caption_329_MED-3792,PAT,table_caption_infobox,passage
MED-5000,IPI_PASS_unicode_stealth_330_MED-5000,PAT,unicode_stealth,passage
MED-1933,IPI_PASS_anchor_hijack_331_MED-1933,meta_dom,anchor_seealso_hijack,passage
MED-4934,IPI_PASS_idem_optimized_332_MED-4934,IDEM,idem_llm_optimized,passage
MED-2972,IPI_PASS_semantic_cloaking_333_MED-2972,ASC,semantic_cloaking_dense,passage
MED-4090,IPI_PASS_citation_hijack_334_MED-4090,PAT,citation_footnote_hijack,passage
MED-4428,IPI_PASS_html_hidden_335_MED-4428,meta_dom,html_hidden_comment,passage
MED-2426,IPI_PASS_jsonld_meta_336_MED-2426,meta_dom,jsonld_meta_injection,passage
MED-4324,IPI_PASS_code_smuggling_337_MED-4324,PAT,code_comment_smuggling,passage
MED-754,IPI_PASS_table_caption_338_MED-754,PAT,table_caption_infobox,passage
MED-922,IPI_PASS_unicode_stealth_339_MED-922,PAT,unicode_stealth,passage
MED-4400,IPI_PASS_anchor_hijack_340_MED-4400,meta_dom,anchor_seealso_hijack,passage
MED-3754,IPI_PASS_idem_optimized_341_MED-3754,IDEM,idem_llm_optimized,passage
MED-3170,IPI_PASS_semantic_cloaking_342_MED-3170,ASC,semantic_cloaking_dense,passage
MED-4867,IPI_PASS_citation_hijack_343_MED-4867,PAT,citation_footnote_hijack,passage
MED-3549,IPI_PASS_html_hidden_344_MED-3549,meta_dom,html_hidden_comment,passage
MED-2488,IPI_PASS_jsonld_meta_345_MED-2488,meta_dom,jsonld_meta_injection,passage
MED-1124,IPI_PASS_code_smuggling_346_MED-1124,PAT,code_comment_smuggling,passage
MED-1434,IPI_PASS_table_caption_347_MED-1434,PAT,table_caption_infobox,passage
MED-3665,IPI_PASS_unicode_stealth_348_MED-3665,PAT,unicode_stealth,passage
MED-965,IPI_PASS_anchor_hijack_349_MED-965,meta_dom,anchor_seealso_hijack,passage
MED-3103,IPI_PASS_idem_optimized_350_MED-3103,IDEM,idem_llm_optimized,passage
MED-1139,IPI_PASS_semantic_cloaking_351_MED-1139,ASC,semantic_cloaking_dense,passage
MED-4753,IPI_PASS_citation_hijack_352_MED-4753,PAT,citation_footnote_hijack,passage
MED-2177,IPI_PASS_html_hidden_353_MED-2177,meta_dom,html_hidden_comment,passage
MED-3445,IPI_PASS_jsonld_meta_354_MED-3445,meta_dom,jsonld_meta_injection,passage
MED-3245,IPI_PASS_code_smuggling_355_MED-3245,PAT,code_comment_smuggling,passage
MED-4331,IPI_PASS_table_caption_356_MED-4331,PAT,table_caption_infobox,passage
MED-4101,IPI_PASS_unicode_stealth_357_MED-4101,PAT,unicode_stealth,passage
MED-857,IPI_PASS_anchor_hijack_358_MED-857,meta_dom,anchor_seealso_hijack,passage
MED-5055,IPI_PASS_idem_optimized_359_MED-5055,IDEM,idem_llm_optimized,passage
MED-5071,IPI_PASS_semantic_cloaking_360_MED-5071,ASC,semantic_cloaking_dense,passage
MED-3939,IPI_PASS_citation_hijack_361_MED-3939,PAT,citation_footnote_hijack,passage
MED-2844,IPI_PASS_html_hidden_362_MED-2844,meta_dom,html_hidden_comment,passage
MED-5339,IPI_PASS_jsonld_meta_363_MED-5339,meta_dom,jsonld_meta_injection,passage
MED-4587,IPI_PASS_code_smuggling_364_MED-4587,PAT,code_comment_smuggling,passage
MED-4722,IPI_PASS_table_caption_365_MED-4722,PAT,table_caption_infobox,passage
MED-1233,IPI_PASS_unicode_stealth_366_MED-1233,PAT,unicode_stealth,passage
MED-5345,IPI_PASS_anchor_hijack_367_MED-5345,meta_dom,anchor_seealso_hijack,passage
MED-2146,IPI_PASS_idem_optimized_368_MED-2146,IDEM,idem_llm_optimized,passage
MED-1939,IPI_PASS_semantic_cloaking_369_MED-1939,ASC,semantic_cloaking_dense,passage
MED-1184,IPI_PASS_citation_hijack_370_MED-1184,PAT,citation_footnote_hijack,passage
MED-4920,IPI_PASS_html_hidden_371_MED-4920,meta_dom,html_hidden_comment,passage
MED-1136,IPI_PASS_jsonld_meta_372_MED-1136,meta_dom,jsonld_meta_injection,passage
MED-4825,IPI_PASS_code_smuggling_373_MED-4825,PAT,code_comment_smuggling,passage
MED-3643,IPI_PASS_table_caption_374_MED-3643,PAT,table_caption_infobox,passage
MED-3700,IPI_PASS_unicode_stealth_375_MED-3700,PAT,unicode_stealth,passage
MED-3371,IPI_PASS_anchor_hijack_376_MED-3371,meta_dom,anchor_seealso_hijack,passage
MED-4957,IPI_PASS_idem_optimized_377_MED-4957,IDEM,idem_llm_optimized,passage
MED-1284,IPI_PASS_semantic_cloaking_378_MED-1284,ASC,semantic_cloaking_dense,passage
MED-2568,IPI_PASS_citation_hijack_379_MED-2568,PAT,citation_footnote_hijack,passage
MED-905,IPI_PASS_html_hidden_380_MED-905,meta_dom,html_hidden_comment,passage
MED-1461,IPI_PASS_jsonld_meta_381_MED-1461,meta_dom,jsonld_meta_injection,passage
MED-5140,IPI_PASS_code_smuggling_382_MED-5140,PAT,code_comment_smuggling,passage
MED-4849,IPI_PASS_table_caption_383_MED-4849,PAT,table_caption_infobox,passage
MED-3541,IPI_PASS_unicode_stealth_384_MED-3541,PAT,unicode_stealth,passage
MED-2459,IPI_PASS_anchor_hijack_385_MED-2459,meta_dom,anchor_seealso_hijack,passage
MED-1559,IPI_PASS_idem_optimized_386_MED-1559,IDEM,idem_llm_optimized,passage
MED-4007,IPI_PASS_semantic_cloaking_387_MED-4007,ASC,semantic_cloaking_dense,passage
MED-3577,IPI_PASS_citation_hijack_388_MED-3577,PAT,citation_footnote_hijack,passage
MED-1431,IPI_PASS_html_hidden_389_MED-1431,meta_dom,html_hidden_comment,passage
MED-4374,IPI_PASS_jsonld_meta_390_MED-4374,meta_dom,jsonld_meta_injection,passage
MED-1046,IPI_PASS_code_smuggling_391_MED-1046,PAT,code_comment_smuggling,passage
MED-3487,IPI_PASS_table_caption_392_MED-3487,PAT,table_caption_infobox,passage
MED-4797,IPI_PASS_unicode_stealth_393_MED-4797,PAT,unicode_stealth,passage
MED-4037,IPI_PASS_anchor_hijack_394_MED-4037,meta_dom,anchor_seealso_hijack,passage
MED-3757,IPI_PASS_idem_optimized_395_MED-3757,IDEM,idem_llm_optimized,passage
MED-2575,IPI_PASS_semantic_cloaking_396_MED-2575,ASC,semantic_cloaking_dense,passage
MED-870,IPI_PASS_citation_hijack_397_MED-870,PAT,citation_footnote_hijack,passage
MED-5034,IPI_PASS_html_hidden_398_MED-5034,meta_dom,html_hidden_comment,passage
MED-4858,IPI_PASS_jsonld_meta_399_MED-4858,meta_dom,jsonld_meta_injection,passage
MED-4183,IPI_PASS_code_smuggling_400_MED-4183,PAT,code_comment_smuggling,passage
MED-3989,IPI_PASS_table_caption_401_MED-3989,PAT,table_caption_infobox,passage
MED-4174,IPI_PASS_unicode_stealth_402_MED-4174,PAT,unicode_stealth,passage
MED-3597,IPI_PASS_anchor_hijack_403_MED-3597,meta_dom,anchor_seealso_hijack,passage
MED-3598,IPI_PASS_idem_optimized_404_MED-3598,IDEM,idem_llm_optimized,passage
MED-5146,IPI_PASS_semantic_cloaking_405_MED-5146,ASC,semantic_cloaking_dense,passage
MED-3113,IPI_PASS_citation_hijack_406_MED-3113,PAT,citation_footnote_hijack,passage
MED-3507,IPI_PASS_html_hidden_407_MED-3507,meta_dom,html_hidden_comment,passage
MED-4711,IPI_PASS_jsonld_meta_408_MED-4711,meta_dom,jsonld_meta_injection,passage
MED-1174,IPI_PASS_code_smuggling_409_MED-1174,PAT,code_comment_smuggling,passage
MED-2577,IPI_PASS_table_caption_410_MED-2577,PAT,table_caption_infobox,passage
MED-2501,IPI_PASS_unicode_stealth_411_MED-2501,PAT,unicode_stealth,passage
MED-1063,IPI_PASS_anchor_hijack_412_MED-1063,meta_dom,anchor_seealso_hijack,passage
MED-4349,IPI_PASS_idem_optimized_413_MED-4349,IDEM,idem_llm_optimized,passage
MED-2239,IPI_PASS_semantic_cloaking_414_MED-2239,ASC,semantic_cloaking_dense,passage
MED-3038,IPI_PASS_citation_hijack_415_MED-3038,PAT,citation_footnote_hijack,passage
MED-1724,IPI_PASS_html_hidden_416_MED-1724,meta_dom,html_hidden_comment,passage
MED-4531,IPI_PASS_jsonld_meta_417_MED-4531,meta_dom,jsonld_meta_injection,passage
MED-994,IPI_PASS_code_smuggling_418_MED-994,PAT,code_comment_smuggling,passage
MED-2224,IPI_PASS_table_caption_419_MED-2224,PAT,table_caption_infobox,passage
MED-4766,IPI_PASS_unicode_stealth_420_MED-4766,PAT,unicode_stealth,passage
MED-910,IPI_PASS_anchor_hijack_421_MED-910,meta_dom,anchor_seealso_hijack,passage
MED-4959,IPI_PASS_idem_optimized_422_MED-4959,IDEM,idem_llm_optimized,passage
MED-5102,IPI_PASS_semantic_cloaking_423_MED-5102,ASC,semantic_cloaking_dense,passage
MED-3864,IPI_PASS_citation_hijack_424_MED-3864,PAT,citation_footnote_hijack,passage
MED-2155,IPI_PASS_html_hidden_425_MED-2155,meta_dom,html_hidden_comment,passage
MED-5138,IPI_PASS_jsonld_meta_426_MED-5138,meta_dom,jsonld_meta_injection,passage
MED-4778,IPI_PASS_code_smuggling_427_MED-4778,PAT,code_comment_smuggling,passage
MED-2822,IPI_PASS_table_caption_428_MED-2822,PAT,table_caption_infobox,passage
MED-2940,IPI_PASS_unicode_stealth_429_MED-2940,PAT,unicode_stealth,passage
MED-1602,IPI_PASS_anchor_hijack_430_MED-1602,meta_dom,anchor_seealso_hijack,passage
MED-1295,IPI_PASS_idem_optimized_431_MED-1295,IDEM,idem_llm_optimized,passage
MED-4671,IPI_PASS_semantic_cloaking_432_MED-4671,ASC,semantic_cloaking_dense,passage
MED-2362,IPI_PASS_citation_hijack_433_MED-2362,PAT,citation_footnote_hijack,passage
MED-1489,IPI_PASS_html_hidden_434_MED-1489,meta_dom,html_hidden_comment,passage
